,Gender,Age,MaritalStatus,EmploymentStatus,LoanAmount,Tenure,MerchantServiceCharge,ExpectedRevenue,LoanDuration,MonthlyRepaymentAmount,AmountReceived,InterestRate,CurrentOutstandingBalance,DefaultCharge,ItemsPurchased,Target,InflationScore,Primelending,Maxlending
0,M,36.1,M,E,52000,5,1040.0,6240.0,151,11648.0,58240.0,0.0,0.0,0.0,others,1.0,14.34,11.68,27.58
1,F,36.1,U,SE,600000,5,2000.0,72000.0,151,134400.0,672000.0,0.0,0.0,0.0,others,1.0,14.34,11.68,27.58
2,M,36.1,U,U,443000,6,2000.0,64045.14,182,84507.52333,511545.14,0.0,0.0,4225.376166666667,others,1.0,14.34,11.68,27.58
3,U,36.1,U,U,21500,5,430.0,2647.41,214,4829.482,24167.928,0.0,0.0,0.0,others,1.0,14.46,11.96,27.37
4,U,36.1,U,U,750000,4,2000.0,76470.0,120,206617.5,826470.0,0.0,0.0,0.0,others,1.0,13.88,11.68,27.65
5,M,36.1,S,E,800000,6,2000.0,115657.13,181,152609.5217,915657.13,0.0,0.0,7630.476083333334,electronics,1.0,13.88,11.68,27.65
6,U,36.1,U,U,940000,4,2000.0,95842.57,120,258960.6425,1035842.57,0.0,0.0,0.0,others,1.0,13.88,11.68,27.65
7,U,36.1,U,U,3000000,2,2000.0,158402.95,59,1579201.475,3158402.95,0.0,0.0,0.0,others,1.0,13.88,11.68,27.65
8,M,27.0,M,E,168000,4,2000.0,7000.0,29,43750.0,175000.0,0.0,0.0,0.0,phone,1.0,13.88,11.68,27.65
9,U,36.1,U,U,315000,4,2000.0,32117.46,120,86779.365,347117.46,0.0,0.0,0.0,computers,1.0,13.88,11.68,27.65
10,M,34.0,S,E,65000,4,1300.0,6627.41,120,17906.8525,71627.41,0.0,0.0,0.0,others,1.0,13.88,11.68,27.65
11,M,32.0,S,E,90000,5,1800.0,11082.2,151,20216.44,101082.2,0.0,0.0,0.0,electronics,1.0,13.88,11.68,27.65
12,M,31.0,S,E,50000,4,1000.0,5098.01,120,13774.5025,55098.01,0.0,0.0,0.0,phone,1.0,13.88,11.68,27.65
13,F,30.0,S,E,150000,4,2000.0,6625.0,31,39156.25,156625.0,0.0,0.0,0.0,phone,1.0,13.88,11.68,27.65
14,F,36.0,M,E,30000,4,600.0,3058.81,120,8264.7025,33058.81,0.0,0.0,0.0,others,1.0,13.88,11.68,27.65
15,F,28.0,S,E,292000,4,2000.0,29772.37,120,80443.0925,324910.0075,0.0,0.0,3038.1181250000004,phone,1.0,13.88,11.68,27.65
16,M,30.0,S,E,60000,5,1200.0,4447.63,151,12889.526,64477.63,0.0,0.0,0.0,appliances,1.0,13.88,11.68,27.65
17,U,36.1,U,U,360000,4,2000.0,36705.67,120,99176.4175,397029.2525,0.0,0.0,0.0,others,1.0,13.88,11.68,27.65
18,M,36.1,S,SE,362000,6,2000.0,52334.85,181,69055.80833,414334.85,0.0,0.0,0.0,others,1.0,13.88,11.68,27.65
19,M,36.1,S,SE,273000,6,2000.0,39468.0,181,52078.0,312468.0,0.0,0.0,0.0,others,1.0,13.88,11.68,27.65
20,M,36.1,U,U,80000,4,1600.0,8156.81,120,22039.2025,88156.81,0.0,0.0,0.0,appliances,1.0,13.88,11.68,27.65
21,M,31.0,S,E,300000,4,2000.0,13645.0,41,78411.25,313645.0,0.0,0.0,0.0,electronics,1.0,13.88,11.68,27.65
22,U,36.1,U,U,500000,1,2000.0,20000.0,31,520000.0,520000.0,0.0,0.0,0.0,others,1.0,13.88,11.68,27.65
23,M,36.1,M,SE,187000,4,2000.0,19066.55,120,51516.6375,206066.55,0.0,0.0,0.0,others,1.0,13.88,11.68,27.65
24,M,33.0,S,E,200000,6,2000.0,36420.96,181,39403.49333,157613.9733,0.0,78806.98667,1970.1745,appliances,0.0,13.88,11.68,27.65
25,F,28.0,S,E,100000,6,2000.0,18210.48,181,19701.74667,78806.98667,0.0,39403.49333,985.0873333333334,others,0.0,13.88,11.68,27.65
26,F,36.1,U,SE,3000000,2,2000.0,158402.9,59,1579201.45,3158402.9,0.0,0.0,0.0,others,1.0,13.89,11.68,27.65
27,M,43.0,M,E,150000,6,2000.0,27315.72,181,29552.62,177315.72,0.0,0.0,0.0,electronics,1.0,13.89,11.68,27.65
28,M,27.0,S,E,150000,4,2000.0,15294.03,120,41323.5075,165294.03,0.0,0.0,0.0,others,1.0,13.89,11.68,27.65
29,U,36.1,S,E,120000,6,2000.0,21000.0,184,23500.0,40000.0,0.0,54000.0,0.0,appliances,0.0,14.46,11.96,27.37
30,F,36.1,U,U,3000000,6,2000.0,420000.0,181,570000.0,3420000.0,0.0,0.0,0.0,others,1.0,13.89,11.96,27.37
31,U,36.1,U,U,1000000,6,2000.0,157500.0,182,192916.67,1157500.0,0.0,0.0,0.0,others,1.0,13.89,11.96,27.37
32,F,28.0,S,E,50000,5,1000.0,7743.7,150,11548.74,46194.96,0.0,11548.74,0.0,others,0.0,13.89,11.96,27.37
33,M,37.0,M,SE,130000,4,2000.0,13254.82,120,35813.705,143291.115,0.0,0.0,0.0,others,1.0,13.89,11.96,27.37
34,F,1.0,S,E,60000,3,1200.0,4862.74,89,21620.91333,64862.74,0.0,0.0,0.0,others,1.0,13.89,11.96,27.37
35,M,35.0,S,E,550000,4,2000.0,56078.1,120,151519.525,606078.1,0.0,0.0,0.0,phone,1.0,13.89,11.96,27.37
36,F,28.0,S,E,100000,4,2000.0,10196.02,122,27549.005,110599.005,0.0,0.0,0.0,appliances,1.0,13.89,11.96,27.37
37,M,35.0,S,E,112000,4,2000.0,11419.54,120,30854.885,123419.655,0.0,0.0,0.0,appliances,1.0,13.89,11.96,27.37
38,M,28.0,S,E,180000,6,2000.0,7500.0,28,31250.0,187500.0,0.0,0.0,0.0,electronics,1.0,13.89,11.96,27.37
39,M,29.0,S,E,300000,4,2000.0,30588.05,120,82647.0125,40000.0,0.0,290588.05,37191.15562499999,others,0.0,13.89,11.96,27.37
40,F,30.0,S,E,320000,4,2000.0,13800.0,120,83450.0,333800.0,0.0,0.0,0.0,appliances,1.0,13.89,11.96,27.37
41,F,34.0,S,E,500000,6,2000.0,91052.4,181,98508.73333,468509.2033,0.0,122543.1967,19552.57366666667,others,0.0,13.89,11.96,27.37
42,M,31.0,S,E,100000,4,2000.0,10196.02,120,27549.005,110196.02,0.0,0.0,0.0,appliances,1.0,13.89,11.96,27.37
43,M,27.0,S,E,500000,6,2000.0,91052.4,181,98508.73333,402500.0133,0.0,188552.3867,0.0,appliances,0.0,13.89,11.96,27.37
44,F,27.0,S,E,100000,5,2000.0,15487.4,150,23097.48,46194.96,0.0,69292.44,1154.874,others,0.0,13.89,11.96,27.37
45,F,30.0,S,E,150000,6,2000.0,27315.72,181,29552.62,177315.72,0.0,0.0,0.0,others,0.0,13.89,11.96,27.37
46,M,25.0,S,E,75000,4,1500.0,7647.01,120,20661.7525,82647.7575,0.0,0.0,0.0,others,1.0,13.89,11.96,27.37
47,M,31.0,S,E,80000,4,1600.0,8156.81,120,22039.2025,88156.81,0.0,0.0,2203.96025,others,0.0,13.89,11.96,27.37
48,M,25.0,S,E,203500,4,2000.0,20748.9,120,56062.225,226124.455,0.0,0.0,0.0,others,1.0,13.89,11.96,27.37
49,M,36.1,U,SE,4000000,6,2000.0,728419.23,181,788069.8717,4728419.23,0.0,0.0,0.0,others,0.0,13.89,11.96,27.37
50,F,33.0,S,E,30000,1,600.0,1200.0,28,31200.0,31200.0,0.0,0.0,0.0,furniture,1.0,13.89,11.96,27.37
51,M,28.0,S,E,450000,6,2000.0,18000.0,181,78000.0,418000.0,0.0,0.0,0.0,others,1.0,13.89,11.96,27.37
52,F,31.0,S,E,102000,6,2000.0,18574.69,181,20095.78167,120587.3483,0.0,0.0,0.0,appliances,1.0,13.89,11.96,27.37
53,M,34.0,M,E,100000,4,2000.0,10196.02,152,27549.005,115180.99,0.0,0.0,0.0,others,1.0,13.89,11.96,27.37
54,M,34.0,S,E,200000,4,2000.0,20392.04,122,55098.01,130198.01,0.0,90194.03,1754.8010000000004,computers,0.0,13.83,11.84,26.61
55,M,24.0,S,E,730000,6,2000.0,132936.51,184,143822.7517,437647.755,0.0,425288.755,7191.025083333334,computers,0.0,13.83,11.84,26.61
56,M,36.1,U,U,2000000,2,2000.0,120784.31,61,1060392.155,200000.0,0.0,1920784.31,192078.432,others,0.0,13.83,11.84,26.61
57,M,30.0,S,E,500000,3,2000.0,40522.81,92,180174.27,540522.81,0.0,0.0,0.0,others,1.0,13.83,11.84,26.61
58,M,34.0,S,E,30000,4,600.0,3058.81,122,8264.7025,33059.4075,0.0,0.0,0.0,others,1.0,13.83,11.84,26.61
59,M,39.0,M,E,2000000,3,2000.0,162091.24,92,720697.08,2162091.24,0.0,0.0,0.0,others,1.0,13.83,11.84,26.61
60,F,24.0,S,E,120000,6,2000.0,21852.58,184,23642.09667,141852.58,0.0,0.0,0.0,others,0.0,13.83,11.84,26.61
61,F,27.0,S,E,50000,4,1000.0,5098.01,122,13774.5025,55098.01,0.0,0.0,191.17512500000004,others,0.0,13.83,11.84,26.61
62,F,25.0,S,E,100000,4,2000.0,10196.02,122,27549.005,34999.995,0.0,75196.025,12397.05225,machine,0.0,13.83,11.84,26.61
63,M,40.0,S,E,105000,4,2000.0,10705.82,122,28926.455,117499.995,0.0,0.0,3127.9370000000004,others,1.0,13.83,11.84,26.61
64,M,27.0,S,E,230000,6,2000.0,41884.11,184,45314.01833,271884.11,0.0,0.0,0.0,machine,1.0,13.83,11.84,26.61
65,F,28.0,S,E,100000,6,2000.0,18210.48,184,19701.74667,118223.24,0.0,0.0,0.0,others,1.0,13.83,11.84,26.61
66,M,28.0,S,E,200000,6,2000.0,36420.96,184,39403.49333,120000.01,0.0,116420.95,1910.523666666667,appliances,0.0,13.83,11.84,26.61
67,F,35.0,S,E,100000,4,2000.0,10196.02,122,27549.005,65049.01,0.0,45147.01,2759.8010000000004,others,0.0,13.83,11.84,26.61
68,M,38.0,S,E,300000,1,2000.0,12000.0,31,312000.0,312000.0,0.0,0.0,0.0,others,1.0,13.83,11.84,26.61
69,M,29.0,S,E,200000,6,2000.0,36420.96,184,39403.49333,238391.1367,0.0,39403.49333,1970.1746666666668,others,0.0,13.83,11.84,26.61
70,M,31.0,S,E,540000,2,2000.0,36717.36,122,288358.68,576717.36,0.0,0.0,0.0,others,1.0,13.83,11.84,26.61
71,F,38.0,S,E,130000,6,2000.0,23673.63,184,25612.27167,153704.8183,0.0,0.0,1280.6135833333335,others,0.0,13.83,11.84,26.61
72,F,29.0,S,E,87000,4,1740.0,10002.79,122,24250.6975,99449.9925,0.0,0.0,2425.1397500000003,others,1.0,13.83,11.84,26.61
73,M,30.0,S,E,150000,4,2000.0,17246.19,122,41811.5475,61811.5475,0.0,105434.6425,8362.309500000001,appliances,0.0,13.83,11.84,26.61
74,M,27.0,S,E,60000,4,1200.0,6898.48,122,16724.62,67773.24,0.0,0.0,836.231,others,1.0,13.83,11.84,26.61
75,M,35.0,S,E,50000,4,1000.0,5748.73,122,13937.1825,23000.0025,0.0,32748.7275,1881.15425,appliances,0.0,13.83,11.84,26.61
76,F,44.0,S,E,300000,6,2000.0,54631.44,184,59105.24,236560.72,0.0,118070.72,0.0,others,0.0,13.83,11.84,26.61
77,M,57.0,M,E,50000,4,1000.0,5531.5,122,13882.875,55565.75,0.0,0.0,0.0,phone,1.0,13.83,11.84,26.61
78,M,37.0,S,E,100000,6,2000.0,18210.48,184,19701.74667,100402.7333,0.0,17807.74667,2010.5246666666667,others,0.0,13.83,11.84,26.61
79,F,28.0,S,E,50000,4,1000.0,5098.01,122,13774.5025,55099.0075,0.0,0.0,0.0,phone,1.0,13.83,11.84,26.61
80,U,36.1,U,E,680000,4,2000.0,69332.92,122,187333.23,749333.12,0.0,0.0,0.0,others,1.0,13.83,11.84,26.61
81,M,34.0,S,E,300000,4,2000.0,30588.05,122,82647.0125,0.0,0.0,330588.05,37191.15562499999,machine,0.0,13.83,11.84,26.61
82,F,27.0,S,E,255000,4,2000.0,25999.85,122,70249.9625,281300.0075,0.0,0.0,0.0,others,1.0,13.83,11.84,26.61
83,F,47.0,S,E,50000,4,1000.0,5531.5,122,13882.875,55531.5,0.0,0.0,1564.863,others,0.0,13.83,11.84,26.61
84,F,35.0,S,E,300000,6,2000.0,54631.44,184,59105.24,25000.0,0.0,211420.96,26597.358,others,0.0,13.83,11.84,26.61
85,F,41.0,M,E,200000,6,2000.0,36420.96,184,39403.49333,86000.09667,0.0,71613.87667,5221.038666666667,appliances,0.0,13.83,11.84,26.61
86,F,43.0,M,SE,300000,6,2000.0,54631.44,184,59105.24,0.0,0.0,236420.96,26597.358,others,0.0,13.83,11.84,26.61
87,F,35.0,S,E,300000,6,2000.0,54631.44,184,59105.24,99000.0,0.0,137420.96,17747.358,others,0.0,13.83,11.84,26.61
88,U,36.1,U,U,1600000,4,2000.0,163136.29,122,440784.0725,836000.0025,0.0,927136.2875,48635.22150000001,others,0.0,13.83,11.84,26.61
89,U,36.1,U,U,3000000,6,2000.0,546314.43,184,591052.405,3049999.995,0.0,496314.435,0.0,others,1.0,13.83,11.84,26.61
90,M,36.0,M,E,100000,4,2000.0,11063.0,122,27765.75,55531.5,0.0,55531.5,1388.2875,others,0.0,13.83,11.84,26.61
91,F,30.0,S,E,700000,4,2000.0,28000.0,122,182000.0,728000.0,0.0,0.0,0.0,others,1.0,13.83,11.84,26.61
92,F,33.0,S,E,750000,6,2000.0,136578.61,184,147763.1017,886578.61,0.0,0.0,7164.460083333333,others,1.0,13.83,11.84,26.61
93,M,35.0,S,E,200000,6,2000.0,36420.96,184,39403.49333,236423.4667,0.0,0.0,1969.523666666667,others,0.0,13.83,11.84,26.61
94,F,48.0,M,E,400000,6,2000.0,72841.92,184,78806.98667,472841.92,0.0,0.0,3940.3493333333336,others,0.0,13.83,11.84,26.61
95,M,35.0,S,E,500000,6,2000.0,91052.4,184,98508.73333,511098.7467,0.0,79953.65333,0.0,others,1.0,13.83,11.84,26.61
96,M,29.0,S,E,600000,6,2000.0,109262.89,184,118210.4817,709262.89,0.0,0.0,5909.572083333334,others,0.0,13.83,11.84,26.61
97,F,27.0,S,E,55000,4,1100.0,6084.65,122,15271.1625,30000.0025,0.0,31084.6475,4622.023125000001,others,0.0,13.83,11.84,26.61
98,F,51.0,S,E,300000,4,2000.0,33188.99,122,83297.2475,333199.9925,0.0,0.0,4164.587375,others,1.0,13.83,11.84,26.61
99,F,32.0,M,E,100000,5,2000.0,15487.4,153,23097.48,46194.96,0.0,69292.44,1154.874,others,0.0,13.83,11.84,26.61
100,F,33.0,S,E,30000,1,600.0,1300.0,31,31300.0,31300.0,0.0,0.0,0.0,others,1.0,13.83,11.84,26.61
101,F,26.0,S,E,150000,6,2000.0,27315.72,184,29552.62,177315.72,0.0,0.0,0.0,others,0.0,13.83,11.84,26.61
102,F,39.0,S,E,150000,4,2000.0,16594.49,122,41648.6225,18000.0,0.0,148594.49,16041.880124999998,others,0.0,13.83,11.84,26.61
103,M,36.1,M,E,600000,6,2000.0,109262.89,184,118210.4817,709262.89,0.0,0.0,0.0,others,1.0,13.83,11.84,26.61
104,M,36.0,M,E,70000,4,1400.0,7744.1,122,19436.025,77744.1,0.0,0.0,0.0,others,1.0,13.83,11.84,26.61
105,F,27.0,S,E,150000,4,2000.0,16594.49,122,41648.6225,132653.6275,0.0,41648.6225,1029.862125,others,0.0,13.83,11.84,26.61
106,F,30.0,S,E,200000,3,2000.0,22125.99,122,74041.99667,250209.9933,0.0,0.0,0.0,others,1.0,13.83,11.84,26.61
107,F,30.0,S,E,100000,5,2000.0,15487.4,153,23097.48,53097.48,0.0,62389.92,1154.874,others,0.0,13.83,11.84,26.61
108,F,25.0,S,E,200000,6,2000.0,36420.96,184,39403.49333,79999.99667,0.0,156420.9633,7880.698666666667,furniture,0.0,13.83,11.84,26.61
109,F,33.0,S,E,50000,4,1000.0,5531.5,122,13882.875,56001.62,0.0,0.0,1376.5745000000002,others,0.0,13.83,11.84,26.61
110,F,30.0,S,E,500000,6,2000.0,91052.4,184,98508.73333,30000.0,0.0,561052.4,19701.74666666667,service,0.0,13.83,11.84,26.61
111,F,39.0,S,E,450000,6,2000.0,81947.16,184,88657.86,88700.0,0.0,443247.16,4430.786,others,0.0,13.83,11.84,26.61
112,F,35.0,S,E,600000,6,2000.0,109262.89,184,118210.4817,274210.4833,0.0,435052.4067,2910.524,furniture,0.0,13.83,11.84,26.61
113,M,29.0,S,E,50000,4,1000.0,5531.5,122,13882.875,55531.5,0.0,0.0,0.0,others,1.0,13.83,11.84,26.61
114,F,33.0,S,SE,500000,6,2000.0,91052.4,184,98508.73333,15000.0,0.0,576052.4,19701.746,others,0.0,13.83,11.84,26.61
115,M,30.0,S,SE,200000,6,2000.0,36420.96,184,39403.49333,106400.0067,0.0,130020.9533,3940.698,furniture,0.0,13.83,11.84,26.61
116,F,38.0,S,SE,300000,6,2000.0,54631.44,184,59105.24,241000.24,0.0,113631.2,660.5120000000001,service,0.0,13.83,11.84,26.61
117,F,39.0,S,E,150000,6,2000.0,27315.72,184,29552.62,69560.0,0.0,107755.72,477.262,others,0.0,13.83,11.84,26.61
118,F,57.0,S,E,100000,4,2000.0,11063.0,122,27765.75,105565.75,0.0,5497.25,0.0,others,0.0,13.83,11.84,26.61
119,M,1.0,S,E,1150000,6,2000.0,209420.53,184,226570.0883,200000.0,0.0,1159420.53,28314.01766666667,service,0.0,13.83,11.84,26.61
120,F,45.0,M,E,250000,4,2000.0,27657.49,122,69414.3725,138828.745,0.0,138828.745,3470.718625,others,0.0,13.83,11.84,26.61
121,F,65.0,S,SE,150000,4,2000.0,16594.49,122,41648.6225,166600.0075,0.0,0.0,0.0,others,1.0,13.83,11.84,26.61
122,M,49.0,U,E,50000,6,1000.0,9105.24,184,9850.873333,59105.24,0.0,0.0,0.0,appliances,1.0,13.83,11.84,26.61
123,F,51.0,M,SE,200000,4,2000.0,22125.99,122,55531.4975,131131.495,0.0,90994.495,0.0,others,0.0,13.83,11.84,26.61
124,F,50.0,M,SE,300000,4,2000.0,33188.99,122,83297.2475,333194.4925,0.0,0.0,0.0,others,1.0,13.83,11.84,26.61
125,F,45.0,M,SE,150000,4,2000.0,16594.49,122,41648.6225,166598.6275,0.0,0.0,0.0,others,1.0,13.83,11.84,26.61
126,F,49.0,M,E,300000,6,2000.0,54631.44,184,59105.24,354631.44,0.0,0.0,0.0,others,0.0,13.83,11.84,26.61
127,F,56.0,M,SE,200000,4,2000.0,22125.99,122,55531.4975,222131.4925,0.0,0.0,0.0,others,1.0,13.83,11.84,26.61
128,M,53.0,M,E,500000,4,2000.0,55314.98,122,138828.745,555314.985,0.0,0.0,6882.874000000001,others,1.0,13.83,11.84,26.61
129,M,35.0,S,E,300000,6,2000.0,54631.44,184,59105.24,354631.44,0.0,0.0,2955.262,others,1.0,13.83,11.84,26.61
130,M,29.0,S,SE,600000,6,2000.0,109262.89,184,118210.4817,509631.4467,0.05,199631.4433,23642.09633333333,others,0.0,13.83,11.84,26.61
131,U,36.1,U,U,3500000,1,2000.0,140000.0,31,3640000.0,3640000.0,0.045,0.0,0.0,others,1.0,13.83,11.84,26.61
132,U,36.1,U,U,137000,4,2000.0,15751.52,122,38187.88,152751.64,0.045,0.0,0.0,others,1.0,13.83,11.84,26.61
133,F,37.0,S,E,80000,5,1600.0,12389.92,153,18477.984,92389.92,0.05,0.0,0.0,phone,1.0,13.83,11.84,26.61
134,M,26.0,S,E,200000,4,2000.0,22994.92,122,55748.73,0.0,0.045,222994.92,11149.746,computers,0.0,13.83,11.84,26.61
135,F,41.0,S,SE,400000,6,2000.0,72841.92,184,78806.98667,472841.92,0.05,0.0,0.0,others,0.0,13.83,11.84,26.61
136,F,49.0,M,SE,300000,4,2000.0,34492.38,122,83623.095,337123.085,0.045,0.0,0.0,others,1.0,13.83,11.84,26.61
137,M,36.0,S,E,500000,6,2000.0,91052.4,184,98508.73333,197008.7333,0.05,394043.6667,0.4365,others,0.0,13.83,11.84,26.61
138,M,33.0,S,SE,500000,4,2000.0,30000.0,122,132500.0,530000.0,0.045,0.0,0.0,others,1.0,13.83,11.84,26.61
139,M,31.0,S,E,100000,4,2000.0,11497.46,122,27874.365,98539.995,0.045,12957.465,1032.437,others,0.0,13.83,11.84,26.61
140,M,44.0,M,SE,300000,4,2000.0,34492.38,122,83623.095,334498.095,0.045,0.0,0.0,others,1.0,13.83,11.84,26.61
141,M,40.0,S,E,500000,4,2000.0,57487.3,122,139371.825,557487.3,0.045,0.0,0.0,others,1.0,13.83,11.84,26.61
142,F,29.0,S,E,115000,4,2000.0,13222.08,122,32055.52,0.0,0.045,128222.08,6411.104,others,0.0,13.83,11.84,26.61
143,M,31.0,S,E,260000,4,2000.0,29893.39,122,72473.3475,289893.39,0.045,0.0,0.0,others,1.0,13.83,11.84,26.61
144,M,27.0,S,SE,200000,6,2000.0,36420.96,184,39403.49333,236420.9667,0.05,0.0,1200.0,others,0.0,13.83,11.84,26.61
145,M,27.0,S,SE,150000,4,2000.0,17246.19,122,41811.5475,167611.5425,0.045,0.0,0.0,others,1.0,13.83,11.84,26.61
146,M,29.0,S,SE,300000,6,2000.0,54631.44,183,59105.24,0.0,0.05,354631.44,11821.048,furniture,0.0,13.83,11.84,26.61
147,M,28.0,M,SE,300000,6,2000.0,54631.44,183,59105.24,0.0,0.05,354631.44,11821.048,furniture,0.0,13.83,11.84,26.61
148,M,53.0,S,SE,500000,6,2000.0,91052.4,183,98508.73333,80000.0,0.05,511052.4,16701.74666666667,others,0.0,13.83,11.84,26.61
149,F,36.1,U,U,1000000,4,2000.0,101960.18,122,275490.045,1101960.18,0.04,0.0,0.0,others,1.0,14.07,11.83,27.79
150,M,34.0,S,E,150000,6,2000.0,27315.72,183,29552.62,177315.72,0.05,0.0,0.0,others,1.0,14.07,11.83,27.79
151,M,32.0,S,SE,300000,4,2000.0,34492.38,122,83623.095,0.0,0.045,334492.38,16724.619000000002,service,0.0,14.07,11.83,27.79
152,F,49.0,M,SE,500000,6,2000.0,91052.4,183,98508.73333,188000.0033,0.05,403052.3967,19701.74666666667,others,0.0,14.07,11.83,27.79
153,F,63.0,M,SE,300000,6,2000.0,54631.44,183,59105.24,0.0,0.05,354631.44,11821.048,service,0.0,14.07,11.83,27.79
154,M,49.0,S,SE,200000,2,2000.0,13599.02,61,106799.51,209000.0,0.045,0.0,0.0,materials,1.0,14.07,11.83,27.79
155,F,41.0,S,SE,500000,6,2000.0,91052.4,183,98508.73333,100000.0033,0.05,491052.3967,19701.74666666667,service,0.0,14.07,11.83,27.79
156,M,47.0,S,SE,300000,6,2000.0,54631.44,183,59105.24,50000.0,0.05,304631.44,11821.048,others,0.0,14.07,11.83,27.79
157,M,49.0,M,E,100000,5,2000.0,15487.4,153,23097.48,52400.0,0.05,63087.4,4619.496,others,0.0,14.07,11.83,27.79
158,F,29.0,S,E,300000,4,2000.0,34492.38,122,83623.095,334492.38,0.045,0.0,0.0,others,1.0,14.07,11.83,27.79
159,F,28.0,S,E,200000,6,2000.0,36420.96,183,39403.49333,237266.0167,0.045,0.0,0.0,others,1.0,14.07,11.83,27.79
160,F,33.0,S,E,200000,4,2000.0,22994.92,122,55748.73,222999.0,0.045,0.0,0.0,others,1.0,14.07,11.83,27.79
161,F,43.0,M,E,482000,4,2000.0,55417.75,122,134354.4375,537417.75,0.045,0.0,0.0,others,1.0,14.07,11.83,27.79
162,M,36.1,M,E,492000,4,2000.0,56567.5,122,137141.875,548567.505,0.045,0.0,0.0,others,1.0,14.07,11.83,27.79
163,F,53.0,M,E,250000,6,2000.0,45526.2,183,49254.36667,296272.2033,0.05,0.0,0.0,others,1.0,14.07,11.83,27.79
164,F,35.0,S,E,155000,6,2000.0,28226.25,183,30537.70833,181650.8317,0.05,1575.418333,3107.5416666666665,others,0.0,14.07,11.83,27.79
165,M,34.0,S,E,500000,6,2000.0,91052.4,183,98508.73333,591600.7367,0.05,0.0,0.0,others,1.0,14.07,11.83,27.79
166,F,35.0,S,E,300000,4,2000.0,34492.38,122,83623.095,335043.095,0.045,0.0,0.0,others,1.0,14.07,11.83,27.79
167,M,43.0,M,E,200000,4,2000.0,22994.92,122,55748.73,223246.19,0.045,0.0,0.0,phone,1.0,14.07,11.83,27.79
168,M,38.0,S,SE,500000,6,2000.0,91052.4,183,98508.73333,0.0,0.05,591052.4,19701.74666666667,others,0.0,14.07,11.83,27.79
169,M,38.0,S,E,300000,6,2000.0,54631.44,183,59105.24,59110.0,0.05,177310.96,2955.024,appliances,0.0,14.07,11.83,27.79
170,F,37.0,M,E,500000,2,2000.0,30000.0,61,265000.0,530000.0,0.045,0.0,0.0,others,1.0,14.07,11.83,27.79
171,M,38.0,M,E,300000,6,2000.0,54631.44,183,59105.24,99105.24,0.05,255526.2,2955.262,others,0.0,14.07,11.83,27.79
172,F,23.0,S,E,150000,6,2000.0,27315.72,183,29552.62,30000.0,0.05,147315.72,5910.524,others,0.0,14.07,11.83,27.79
173,F,35.0,S,E,52000,4,1040.0,5978.68,122,14494.67,0.0,0.045,57978.68,2898.934,others,0.0,14.07,11.83,27.79
174,F,26.0,S,E,500000,6,2000.0,91052.4,183,98508.73333,0.0,0.05,591052.4,19701.74666666667,others,0.0,14.07,11.83,27.79
175,F,30.0,S,E,400000,4,2000.0,45989.84,122,111497.46,446999.38,0.045,0.0,22299.492,others,0.0,14.07,11.83,27.79
176,F,36.0,S,E,500000,6,2000.0,91052.4,183,98508.73333,199100.0067,0.05,391952.3933,1425.8731666666667,others,0.0,14.07,11.83,27.79
177,M,41.0,M,E,150000,4,2000.0,17246.19,122,41811.5475,167299.995,0.045,0.0,0.0,others,1.0,14.07,11.83,27.79
178,M,37.0,S,E,500000,6,2000.0,91052.4,183,98508.73333,0.0,0.05,591052.4,19701.74666666667,others,0.0,14.07,11.83,27.79
179,M,26.0,S,E,500000,6,2000.0,91052.4,183,98508.73333,98500.0,0.05,394043.6667,0.4366666666668607,others,0.0,14.07,11.83,27.79
180,M,30.0,M,E,300000,4,2000.0,34492.38,122,83623.095,65000.0,0.045,269492.38,16724.619000000002,others,0.0,14.07,11.83,27.79
181,F,43.0,M,E,300000,4,2000.0,34492.38,122,83623.095,336949.995,0.045,0.0,0.0,others,1.0,14.07,11.83,27.79
182,M,62.0,M,E,200000,4,2000.0,22994.92,122,55748.73,223100.0,0.045,0.0,0.0,others,1.0,14.07,11.83,27.79
183,M,35.0,M,E,300000,6,2000.0,54631.44,183,59105.24,356420.44,0.05,0.0,0.0,others,0.0,14.07,11.83,27.79
184,M,47.0,M,E,600000,6,2000.0,68117.07,183,111352.845,674310.205,0.045,0.0,0.0,others,1.0,14.07,11.83,27.79
185,F,45.0,M,E,600000,2,2000.0,68117.07,61,334058.535,688295.31,0.045,0.0,0.0,furniture,1.0,14.07,11.83,27.79
186,M,35.0,M,E,200000,6,2000.0,36420.96,183,39403.49333,209063.4567,0.05,27357.50333,0.0,others,1.0,14.07,11.83,27.79
187,M,29.0,S,E,100000,1,2000.0,4500.0,30,104500.0,106000.0,0.045,0.0,0.0,machine,1.0,14.07,11.83,27.79
188,F,36.0,S,E,500000,6,2000.0,91052.4,183,98508.73333,380000.0,0.05,211052.4,850.8733333333338,furniture,0.0,14.07,11.83,27.79
189,M,47.0,M,SE,500000,4,2000.0,57487.3,122,139371.825,557487.3,0.045,0.0,0.0,others,0.0,14.07,11.83,27.79
190,M,29.0,S,E,350000,4,2000.0,40241.11,122,97560.2775,40000.0,0.045,350241.11,19512.0555,others,0.0,14.07,11.83,27.79
191,F,55.0,M,E,100000,4,2000.0,11497.46,122,27874.365,111624.015,0.045,0.0,0.0,others,1.0,14.07,11.83,27.79
192,F,56.0,M,E,500000,4,2000.0,57487.3,189,139371.825,557515.995,0.045,0.0,0.0,others,1.0,14.07,11.83,27.79
193,F,40.0,M,E,200000,6,2000.0,36420.96,183,39403.49333,237815.9967,0.05,0.0,3940.3986666666665,others,1.0,14.07,11.83,27.79
194,M,43.0,S,E,100000,4,2000.0,11497.46,122,27874.365,83660.005,0.045,27837.455,5574.873,others,0.0,14.07,11.83,27.79
195,F,30.0,S,E,400000,4,2000.0,45989.84,122,111497.46,446999.38,0.045,111497.46,22299.492,others,0.0,14.07,11.83,27.79
196,F,30.0,S,E,400000,4,2000.0,45989.84,122,111497.46,65000.0,0.045,380989.84,22299.492,others,0.0,14.07,11.83,27.79
197,F,27.0,S,E,500000,4,2000.0,57487.3,122,139371.825,557600.005,0.045,0.0,0.0,others,1.0,14.07,11.83,27.79
198,M,33.0,S,E,700000,4,2000.0,80482.21,122,195120.5525,45000.0,0.045,735482.21,34550.7592356331,others,0.0,14.07,11.83,27.79
199,M,30.0,S,E,90000,4,2000.0,10347.71,122,25086.9275,100499.9975,0.045,0.0,0.0,service,1.0,14.07,11.83,27.79
200,M,26.0,S,E,250000,4,2000.0,28743.65,122,69685.9125,0.0,0.045,278743.65,6968.591250000001,others,0.0,14.07,11.83,27.79
201,F,25.0,S,SE,400000,6,2000.0,72841.92,183,78806.98667,79999.99667,0.05,314034.9367,7880.698666666667,others,0.0,14.07,11.83,27.79
202,F,61.0,M,E,150000,6,2000.0,27315.72,183,29552.62,133200.48,0.05,44115.24,0.0,others,0.0,14.07,11.83,27.79
203,M,32.0,S,E,500000,4,2000.0,57487.3,122,139371.825,0.0,0.045,557487.3,6968.591,others,0.0,14.07,11.83,27.79
204,M,25.0,S,SE,500000,4,2000.0,57487.3,122,139371.825,55000.0,0.045,502487.3,4218.59125,others,0.0,14.07,11.83,27.79
205,M,36.0,S,E,50000,1,2000.0,5000.0,31,55000.0,55000.0,0.0,0.0,0.0,others,1.0,14.07,11.83,27.79
206,U,36.1,U,U,1200000,6,2000.0,218525.77,184,236420.9617,1418525.77,0.0,0.0,0.0,others,0.0,14.46,11.96,27.37
207,F,30.0,S,E,500000,4,2000.0,57487.3,186,139371.825,50000.0,0.045,368115.475,4468.59125,others,0.0,14.46,11.96,27.37
208,M,36.0,S,E,80000,6,1600.0,14568.38,184,15761.39667,55226.63,0.045,23580.35333,0.0,others,1.0,14.46,11.96,27.37
209,M,32.0,S,E,200000,6,2000.0,36420.96,184,39403.49333,236420.96,0.05,0.0,0.0,others,1.0,14.46,11.96,27.37
210,F,30.0,S,E,470000,6,2000.0,85589.26,184,92598.21,555589.26,0.05,0.0,0.0,others,1.0,14.46,11.96,27.37
211,F,44.0,M,E,200000,4,2000.0,22994.92,123,55748.73,223361.21,0.045,0.0,0.0,others,1.0,14.46,11.96,27.37
212,F,23.0,S,E,300000,4,2000.0,34492.38,123,83623.095,0.0,0.045,334492.38,4181.154750000001,furniture,0.0,14.46,11.96,27.37
213,F,40.0,M,E,120000,6,2000.0,21852.58,184,23642.09667,141952.0,0.05,0.0,0.0,others,1.0,14.46,11.96,27.37
214,F,33.0,S,E,200000,4,2000.0,22994.92,123,55748.73,153000.0,0.045,69994.92,0.0,others,0.0,14.46,11.96,27.37
215,M,45.0,S,E,300000,6,2000.0,54631.44,184,59105.24,59200.0,0.05,236326.2,2955.262,others,0.0,14.46,11.96,27.37
216,F,58.0,M,E,80000,4,1600.0,9197.97,123,22299.4925,89197.97,0.045,0.0,0.0,others,0.0,14.46,11.96,27.37
217,F,39.0,S,E,200000,4,2000.0,22994.92,123,55748.73,223100.0,0.045,0.0,0.0,others,1.0,14.46,11.96,27.37
218,M,43.0,M,E,350000,6,2000.0,63736.68,184,68956.11333,281000.0133,0.05,63780.55333,3447.805666666666,others,0.0,14.46,11.96,27.37
219,F,28.0,S,E,200000,4,2000.0,22994.92,123,55748.73,223000.0,0.045,0.0,0.0,phone,1.0,14.46,11.96,27.37
220,F,47.0,M,E,200000,4,2000.0,22994.92,123,55748.73,167300.0,0.045,55694.92,0.0,others,0.0,14.46,11.96,27.37
221,M,36.0,S,E,400000,6,2000.0,72841.92,184,78806.98667,454999.9633,0.05,0.0,3940.3493333333336,others,1.0,14.46,11.96,27.37
222,F,40.0,M,E,400000,4,2000.0,45989.84,123,111497.46,20000.0,0.045,425989.84,5574.873,others,0.0,14.46,11.96,27.37
223,F,39.0,M,E,100000,4,2000.0,11497.46,123,27874.365,111497.46,0.045,0.0,1393.71825,others,0.0,14.46,11.96,27.37
224,F,36.1,M,E,200000,4,2000.0,22994.92,123,55748.73,222994.92,0.045,0.0,0.0,others,1.0,14.46,11.96,27.37
225,F,60.0,S,E,300000,4,2000.0,34492.38,123,83623.095,0.0,0.045,334492.38,4181.154750000001,furniture,0.0,14.46,11.96,27.37
226,M,27.0,S,E,300000,4,2000.0,34492.38,123,83623.095,167246.19,0.045,167246.19,4181.154750000001,others,0.0,14.46,11.96,27.37
227,M,52.0,M,E,200000,4,2000.0,22994.92,134,55748.73,222994.92,0.045,0.0,0.0,others,0.0,14.46,11.96,27.37
228,F,27.0,S,E,400000,4,2000.0,45989.84,123,111497.46,334000.0,0.045,111989.84,0.0,others,0.0,14.46,11.96,27.37
229,M,31.0,S,E,500000,4,2000.0,57487.3,123,139371.825,70000.0,0.045,348115.475,0.0,others,0.0,14.46,11.96,27.37
230,M,30.0,S,E,165000,3,2000.0,15067.81,92,60022.60333,180082.6067,0.045,0.0,0.0,others,1.0,14.46,11.96,27.37
231,U,36.1,U,U,1500000,1,2000.0,67500.0,31,1567500.0,1567500.0,0.045,0.0,0.0,others,1.0,14.46,11.96,27.37
232,M,48.0,M,E,300000,6,2000.0,54631.44,183,59105.24,50000.0,0.05,186420.96,0.0,others,0.0,14.46,11.96,27.37
233,F,34.0,S,E,300000,1,2000.0,0.0,183,300000.0,300000.0,0.05,0.0,0.0,others,1.0,14.46,11.96,27.37
234,F,27.0,M,E,350000,6,2000.0,63736.68,183,68956.11333,150000.0067,0.05,125824.4467,0.0,furniture,0.0,14.92,12.29,27.61
235,F,41.0,M,E,200000,6,2000.0,36420.96,183,39403.49333,70000.00333,0.05,78806.98667,0.0,others,0.0,14.92,12.29,27.61
236,F,25.0,S,E,250000,6,2000.0,45526.2,183,49254.36667,49259.99667,0.05,147757.47,0.0,others,0.0,14.92,12.29,27.61
237,F,31.0,S,E,340000,4,2000.0,39090.0,122,94772.5,379090.0,0.05,0.0,0.0,others,1.0,14.92,12.29,27.61
238,F,25.0,S,E,400000,6,2000.0,72841.92,183,78806.98667,472841.92,0.05,0.0,0.0,others,0.0,14.92,12.29,27.61
239,F,28.0,M,E,300000,6,2000.0,54631.44,183,59105.24,118200.0,0.05,118220.96,0.0,others,0.0,14.92,12.29,27.61
240,F,32.0,M,E,350000,4,2000.0,40241.11,122,97560.2775,154999.9975,0.045,235241.1125,18320.0,others,0.0,14.92,12.29,27.61
241,F,28.0,S,E,380000,6,2000.0,69199.83,153,74866.63833,75000.0,0.05,224466.5533,0.0,others,0.0,14.92,12.29,27.61
242,F,72.0,D,SE,250000,4,2000.0,70502.96,122,80125.74,218906.48,0.05,101596.48,0.0,others,1.0,14.92,12.29,27.61
243,M,37.0,M,SE,120000,4,2000.0,15365.68,122,33841.42,135365.68,0.05,0.0,0.0,machine,0.0,14.92,12.29,27.61
244,M,40.0,S,SE,400000,5,2000.0,74792.8,153,94958.56,249834.24,0.05,130000.0,0.0,others,0.0,14.92,12.29,27.61
245,F,27.0,S,E,550000,6,2000.0,121096.67,183,111849.445,222100.005,0.05,225297.775,0.0,others,0.0,14.92,12.29,27.61
246,M,30.0,S,E,478000,6,2000.0,105244.02,122,97207.33667,0.0,0.05,388829.3467,0.0,others,0.0,14.92,12.29,27.61
247,M,49.0,M,SE,500000,2,2000.0,37804.88,61,268902.44,518902.44,0.05,0.0,0.0,materials,1.0,14.92,12.29,27.61
248,M,40.0,M,E,100000,3,2000.0,10162.57,72,36720.85667,56000.0,0.05,54162.57333,0.0,others,1.0,14.92,12.29,27.61
249,M,31.0,S,SE,200000,4,2000.0,25609.47,122,56402.3675,169349.9925,0.05,0.0,0.0,others,0.0,14.92,12.29,27.61
250,M,22.0,S,E,100000,4,2000.0,12804.73,122,28201.1825,56399.1825,0.05,56405.5475,0.0,others,0.0,14.92,12.29,27.61
251,M,27.0,S,SE,550000,6,2000.0,121096.67,184,111849.445,251999.99,0.05,83548.345,0.0,others,0.0,15.37,12.1,27.61
252,F,43.0,S,E,200000,4,2000.0,25609.47,123,56402.3675,225614.47,0.05,0.0,0.0,others,1.0,15.37,12.1,27.61
253,M,30.0,S,E,300000,6,2000.0,66052.73,184,61008.78833,60000.0,0.05,184035.1533,0.0,others,0.0,15.37,12.1,27.61
254,M,35.0,S,E,2000000,6,2000.0,440351.54,184,406725.2567,2440351.54,0.05,0.0,0.0,others,1.0,15.37,12.1,27.61
255,F,27.0,S,E,208000,4,2000.0,26633.84,123,58658.46,234633.84,0.05,0.0,0.0,others,1.0,15.37,12.1,27.61
256,M,36.0,S,E,100000,4,2000.0,12804.73,123,28201.1825,112804.73,0.05,0.0,0.0,computers,1.0,15.37,12.1,27.61
257,F,50.0,M,SE,350000,6,2000.0,77061.52,184,71176.92,254266.94,0.05,0.0,0.0,others,0.0,15.37,12.1,27.61
258,F,31.0,S,SE,200000,4,2000.0,25609.47,123,56402.3675,164802.365,0.05,4404.7375,0.0,others,0.0,15.37,12.1,27.61
259,M,36.0,M,E,400000,6,2000.0,88070.31,184,81345.05167,325380.2067,0.05,81345.05167,0.0,others,0.0,15.37,12.1,27.61
260,F,40.0,M,E,200000,6,2000.0,44035.15,184,40672.525,244035.15,0.05,0.0,0.0,others,1.0,15.37,12.1,27.61
261,M,31.0,M,E,500000,6,2000.0,110087.89,184,101681.315,610087.89,0.05,0.0,0.0,others,1.0,15.37,12.1,27.61
262,F,36.1,U,U,500000,6,2000.0,110087.89,184,101681.315,203362.63,0.05,101681.315,0.0,others,0.0,15.37,12.1,27.61
263,M,37.0,S,E,480000,6,2000.0,105684.37,184,97614.06167,87000.0,0.05,205842.185,0.0,others,0.0,15.37,12.1,27.61
264,F,28.0,S,E,250000,4,2000.0,32011.83,123,70502.9575,150499.995,0.05,61008.8775,0.0,phone,0.0,15.37,12.1,27.61
265,M,41.0,M,SE,200000,4,2000.0,25609.47,123,56402.3675,19700.0,0.05,93104.735,0.0,others,0.0,15.37,12.1,27.61
266,M,37.0,M,E,255000,4,2000.0,32652.07,123,71913.0175,287652.07,0.05,0.0,0.0,others,1.0,15.37,12.1,27.61
267,F,45.0,M,SE,500000,6,2000.0,110087.89,184,101681.315,168649.995,0.05,34712.635,0.0,others,1.0,15.94,12.23,28.3
268,F,33.0,S,SE,500000,6,2000.0,110087.89,184,101681.315,50000.0,0.05,153362.63,0.0,others,1.0,15.94,12.23,28.3
269,F,51.0,M,SE,500000,4,2000.0,64023.67,122,141005.9175,282091.835,0.05,140925.9175,0.0,others,1.0,15.94,12.23,28.3
270,U,36.1,U,U,500000,1,2000.0,21804.88,31,521804.88,521804.88,0.05,0.0,0.0,others,1.0,15.94,12.23,28.3
271,U,36.1,U,U,2000000,2,2000.0,181747.57,61,1090873.785,2181747.57,0.05,0.0,0.0,others,1.0,15.94,12.23,28.3
272,M,59.0,M,SE,500000,1,2000.0,18000.0,31,518000.0,518000.0,0.05,0.0,0.0,others,1.0,15.94,12.23,28.3
273,M,38.0,M,SE,500000,4,2000.0,64023.67,122,141005.9175,89500.0,0.05,192511.835,0.0,others,1.0,15.94,12.23,28.3
274,U,36.1,U,U,110000,4,2000.0,14085.21,122,31021.3025,62042.605,0.05,31021.3025,0.0,others,1.0,15.94,12.23,28.3
275,F,50.0,M,SE,400000,4,2000.0,51218.93,122,112804.7325,225660.185,0.05,0.0,0.0,others,1.0,15.94,12.23,28.3
276,F,55.0,M,SE,200000,4,2000.0,25609.47,122,56402.3675,28000.0,0.05,28402.3675,0.0,others,1.0,15.94,12.23,28.3
277,F,56.0,M,SE,500000,4,2000.0,64023.67,122,141005.9175,418757.995,0.05,145265.675,0.0,others,1.0,15.94,12.23,28.3
278,U,36.1,U,U,1000000,2,2000.0,90873.79,61,545436.895,1090939.89,0.05,0.0,0.0,others,1.0,15.94,12.23,28.3
279,F,35.0,S,SE,400000,4,2000.0,51218.93,122,112804.7325,182807.7325,0.05,42801.7325,0.0,others,1.0,15.94,12.23,28.3
280,M,50.0,M,E,80000,6,2000.0,17614.06,183,16269.01,65076.04,0.05,0.0,0.0,others,1.0,15.94,12.23,28.3
281,M,41.0,M,SE,250000,6,2000.0,55043.94,183,50840.65667,211681.9667,0.05,0.0,0.0,others,1.0,15.94,12.23,28.3
282,M,43.0,M,SE,2000000,2,2000.0,181747.57,61,1090873.785,2181747.57,0.05,0.0,0.0,others,0.0,16.22,12.23,28.06
283,F,28.0,M,SE,100000,6,2000.0,17614.06,181,19602.34333,58807.03,0.06,0.0,0.0,others,0.0,16.22,12.23,28.06
284,M,40.0,S,E,500000,6,2000.0,110087.89,181,101681.315,508406.575,0.06,0.0,0.0,others,0.0,16.22,12.23,28.06
285,M,28.0,S,E,390000,6,2000.0,85868.55,181,79311.425,0.0,0.06,158622.85,0.0,others,0.0,16.22,12.23,28.06
286,M,36.1,U,U,1000000,6,3000.0,220175.77,181,203362.6283,813450.5133,0.06,0.0,0.0,others,0.0,16.22,12.23,28.06
287,F,27.0,S,SE,700000,6,3000.0,154023.04,181,142337.1733,569348.6933,0.06,0.0,0.0,others,0.0,16.22,12.23,28.06
288,M,62.0,S,SE,450000,4,3000.0,57621.3,122,126905.325,84000.0,0.04,42905.325,0.0,others,0.0,16.22,12.23,28.06
289,F,36.1,U,U,1000000,6,3000.0,220175.77,181,203362.6283,813450.5133,0.06,0.0,0.0,others,0.0,16.22,12.23,28.06
290,M,30.0,M,E,160000,6,3000.0,35228.2,181,32538.03333,32538.03333,0.06,32538.03333,0.0,others,0.0,16.22,12.23,28.06
291,M,58.0,M,SE,300000,6,3000.0,66052.72,181,61008.78667,116999.9967,0.06,0.0,0.0,others,0.0,16.22,12.23,28.06
292,M,33.0,M,E,250000,4,3000.0,32011.83,122,70502.9575,56500.0,0.04,14002.9575,0.0,others,0.0,16.22,12.23,28.06
293,F,49.0,M,SE,300000,4,3000.0,46462.2,122,86615.55,172240.0,0.04,0.0,0.0,others,0.0,16.22,12.23,28.06
294,M,36.1,U,U,1000000,3,3000.0,122329.44,91,374109.8133,1122499.627,0.03,0.0,0.0,others,0.0,16.22,12.23,28.06
295,F,36.1,U,U,500000,6,3000.0,110087.89,181,101681.315,151999.995,0.06,0.0,0.0,others,0.0,16.22,12.23,28.06
296,M,39.0,M,E,300000,6,3000.0,66052.73,182,61008.78833,244035.1533,0.06,0.0,0.0,others,0.0,16.49,12.23,28.06
297,M,34.0,S,E,220000,6,3000.0,48438.67,182,44739.77833,134289.555,0.06,0.0,0.0,others,0.0,16.49,12.23,28.06
298,F,25.0,S,E,600000,6,3000.0,132105.46,182,122017.5767,366052.73,0.06,0.0,0.0,others,0.0,16.49,12.23,28.06
